{"base_files_url": "https://raw.githubusercontent.com/willoucom/MiSTer_Myrient/0c877c353165831fe0c63e4952d7fd4a9a1830c0/", "db_id": "willoucom/MiSTer_Myrient", "db_url": "https://raw.githubusercontent.com/willoucom/MiSTer_Myrient/db/db.json.zip", "files": {"Scripts/Myrient/Myrient.py": {"hash": "c1f49ed5f8c3caf13201a36283f4c2b0", "size": 8047, "tags": [16]}, "Scripts/Myrient/README.md": {"hash": "b0bb4edf3b6e1da2301172b6674af761", "size": 32, "tags": [16]}, "Scripts/Myrient/__init__.py": {"hash": "208f9d546e0230ea8c753358c496776e", "size": 83, "tags": [16]}, "Scripts/myrient.py": {"hash": "de8c5f6d23c049f90462542fe5a60d5f", "size": 13346, "tags": [16]}}, "folders": {"Scripts": {"tags": [16]}, "Scripts/Myrient": {"tags": [16, 17]}}, "tag_dictionary": {"myrient": 17, "scripts": 16}, "timestamp": 1708099564}